<application>
  <component name="PhpAutoImport" auto_import_file_scope="true" global_class_behavior="PREFER_IMPORT" global_constant_behavior="PREFER_IMPORT" global_function_behavior="PREFER_IMPORT" import_on_paste="ALL" />
  <component name="PhpInterpreters">
    <interpreters>
      <interpreter id="cafd1f38-d190-4c16-9eb1-b281d5459311" name="PHP 7.3" home="F:\wamp\php-7.3.1\php.exe" debugger_id="php.debugger.XDebug" />
      <interpreter id="452f5310-8559-47eb-adb1-fc8a4acd4448" name="PHP 7.4" home="F:\wamp\php-7.4.1\php.exe" debugger_id="php.debugger.XDebug" />
      <interpreter id="eed778c9-9a8d-4614-9740-1220fc4cd4d1" name="PHP 8.0.3" home="E:\wamp\php-8.0.3\php.exe" debugger_id="php.debugger.XDebug" />
      <interpreter id="22701507-c912-4b7a-b69b-2d4dd90f6954" name="PHP 8.1" home="E:\wamp\php-8.1.2\php.exe" debugger_id="php.debugger.XDebug" />
    </interpreters>
  </component>
  <component name="PhpInterpretersPhpInfoCache">
    <phpInfoCache>
      <interpreter name="PHP 7.4">
        <phpinfo binary_type="PHP" php_cgi="F:\wamp\php-7.4.1\php-cgi.exe" php_cli="F:\wamp\php-7.4.1\php.exe" path_separator=";" version="7.4.1">
          <additional_php_ini />
          <configuration_file>F:\wamp\php-7.4.1\php.ini</configuration_file>
          <configuration_options>
            <configuration_option name="include_path" value=".;C:\php\pear" />
          </configuration_options>
          <debuggers />
          <loaded_extensions>
            <extension name="Core" />
            <extension name="PDO" />
            <extension name="Phar" />
            <extension name="Reflection" />
            <extension name="SPL" />
            <extension name="SimpleXML" />
            <extension name="bcmath" />
            <extension name="calendar" />
            <extension name="ctype" />
            <extension name="curl" />
            <extension name="date" />
            <extension name="dom" />
            <extension name="exif" />
            <extension name="fileinfo" />
            <extension name="filter" />
            <extension name="gd" />
            <extension name="hash" />
            <extension name="iconv" />
            <extension name="json" />
            <extension name="libxml" />
            <extension name="mbstring" />
            <extension name="mongodb" />
            <extension name="mysqli" />
            <extension name="mysqlnd" />
            <extension name="openssl" />
            <extension name="pcre" />
            <extension name="readline" />
            <extension name="redis" />
            <extension name="session" />
            <extension name="soap" />
            <extension name="standard" />
            <extension name="tokenizer" />
            <extension name="xml" />
            <extension name="xmlreader" />
            <extension name="xmlwriter" />
            <extension name="zip" />
            <extension name="zlib" />
          </loaded_extensions>
        </phpinfo>
      </interpreter>
      <interpreter name="PHP 8.1">
        <phpinfo binary_type="PHP" php_cgi="E:\wamp\php-8.1.2\php-cgi.exe" php_cli="E:\wamp\php-8.1.2\php.exe" path_separator=";" version="8.1.2">
          <additional_php_ini />
          <configuration_file>E:\wamp\php-8.1.2\php.ini</configuration_file>
          <configuration_options>
            <configuration_option name="include_path" value=".;C:\php\pear" />
          </configuration_options>
          <debuggers />
          <loaded_extensions>
            <extension name="Core" />
            <extension name="PDO" />
            <extension name="Phar" />
            <extension name="Reflection" />
            <extension name="SPL" />
            <extension name="SimpleXML" />
            <extension name="bcmath" />
            <extension name="calendar" />
            <extension name="ctype" />
            <extension name="curl" />
            <extension name="date" />
            <extension name="dom" />
            <extension name="exif" />
            <extension name="fileinfo" />
            <extension name="filter" />
            <extension name="gd" />
            <extension name="hash" />
            <extension name="iconv" />
            <extension name="json" />
            <extension name="libxml" />
            <extension name="mbstring" />
            <extension name="mongodb" />
            <extension name="mysqli" />
            <extension name="mysqlnd" />
            <extension name="openssl" />
            <extension name="pcre" />
            <extension name="readline" />
            <extension name="redis" />
            <extension name="session" />
            <extension name="soap" />
            <extension name="standard" />
            <extension name="tokenizer" />
            <extension name="xml" />
            <extension name="xmlreader" />
            <extension name="xmlwriter" />
            <extension name="zip" />
            <extension name="zlib" />
          </loaded_extensions>
        </phpinfo>
      </interpreter>
      <interpreter name="PHP 8.0.3">
        <phpinfo binary_type="PHP" php_cgi="E:\wamp\php-8.0.3\php-cgi.exe" php_cli="E:\wamp\php-8.0.3\php.exe" path_separator=";" version="8.0.3">
          <additional_php_ini />
          <configuration_file>E:\wamp\php-8.0.3\php.ini</configuration_file>
          <configuration_options>
            <configuration_option name="include_path" value=".;C:\php\pear" />
          </configuration_options>
          <debuggers>
            <debugger_info debugger="xdebug" debugger_version="3.0.3">
              <debug_extensions />
            </debugger_info>
          </debuggers>
          <loaded_extensions>
            <extension name="Core" />
            <extension name="PDO" />
            <extension name="Phar" />
            <extension name="Reflection" />
            <extension name="SPL" />
            <extension name="SimpleXML" />
            <extension name="bcmath" />
            <extension name="calendar" />
            <extension name="ctype" />
            <extension name="curl" />
            <extension name="date" />
            <extension name="dom" />
            <extension name="exif" />
            <extension name="fileinfo" />
            <extension name="filter" />
            <extension name="gd" />
            <extension name="hash" />
            <extension name="iconv" />
            <extension name="json" />
            <extension name="libxml" />
            <extension name="mbstring" />
            <extension name="mongodb" />
            <extension name="mysqli" />
            <extension name="mysqlnd" />
            <extension name="openssl" />
            <extension name="pcre" />
            <extension name="readline" />
            <extension name="redis" />
            <extension name="session" />
            <extension name="soap" />
            <extension name="standard" />
            <extension name="tokenizer" />
            <extension name="xdebug" />
            <extension name="xml" />
            <extension name="xmlreader" />
            <extension name="xmlwriter" />
            <extension name="zip" />
            <extension name="zlib" />
          </loaded_extensions>
        </phpinfo>
      </interpreter>
    </phpInfoCache>
  </component>
</application>